create,chế tạo
way,"cách, đường"
celebration,kỉ niệm
ingredient,nguyên liệu
flour,bột mì
butter,bơ
sugar,đường
egg,trứng
baking powder,bột nở
extract,triết xuất
preheat,làm nóng
the oven,lò
start by,bắt đầu bằng
delicious,ngon
allow,cho phép
mixing,trộn
batter,hỗn hợp
bowl,tô
tookick,"tăm, que"
bake,nướng
light,ánh sáng
fluffy,mịn
until,cho tới khi
pour,đổ
prepare,chuẩn bị
insert,"đặt vào, chèn vào"
spread,phết...
decorate,trang trí
frirting,tán tỉnh
tips,những lời khuyên
here are,đây là
celebrity,người nổi tiếng
wonderful,tuyệt vời
genuine,chân thành
exciting,thú vị
fun,vui
humorous,hài hước
laugh,cười
cough,ho 
interest,quan tâm
ask,hỏi 
feel,cảm giác
connect,kết nối 
contact,giao tiếp
enjoying,tận hưởng
friendly,thân thiện
compliment,lời khuyên
actively listening,lắng nghe chăm chú
confident,tự tin
let your personality shine,hãy để bản thân bạn được toả sáng
positive,tích cực
excellent,xuất xắc
degree,bằng cấp
company,công ty
introduce,giới thiệu
most of them,hầu hết bọn họ
"apply to, supply",nộp đơn...
experiment,thí nghiệm
experience,trải nghiệm
service,dịch vụ
refuse,từ chối
accept,chấp nhận
salary,lương
merit,công lao
granduate,tốt nghiệp
there might be,có thể có
interview,phỏng vấn
unforntunately,xuôi xẻo thay
exactly,chính xác
enthusiast,niềm đam mê
early,gần
routine,thói quen
daily,hằng ngày
mothly,hằng tháng
annually,hằng năm
there might ,chẳng hề
pain,đau
customer,khách hàng
serious,nghiêm trọng
emergency,khẩn cấp
near,gần
turn,"biến, quay"
speacially,đặc biệt
mystery,bí ẩn
please not,xin hãy chú ý
imaginate,giả tưởng
progress well,tiến triển tốt
base,dựa trên
his spirit leaf his body,thần rời khỏi xác
neighbor,hàng xóm
giving birth,"việc đẻ, sinh,..."
average,trung bình
ginger,gừng
up to,lên tới
date,"hẹn hò, ngày"
visit,thăm
lazy,lười
receive,nhận
any,bất kì
nearly,gần
early,sớm
anoying,phiền phức
thing,điều
town,thị trấn
isolate,hẻo lánh
college,cao đẳng
middle,giữa
far,xa
pratice,thực hành
presentation,thuyết trình
throught,thông qua
deliver,truyền đạt
delivery,vận chuyển
reason,lí do
palm,lòng bàn tay
sweaty,ưới đẫm
pace,nhịp
anxious,lo lắng
doubt,nghi ngờ
adapt,thích nghi
debt,món nợ
frauds,lừa đảo
front,đằng trước
terrifying,"đáng lo lắng, khinh khủng"
situation,"tình huống, trường hợp"
behind,đằng sau
increase,tăng
improve,cải thiện
sound,âm thanh
noise,tiếng ồn
loud,ồn
exper,chuyên gia
focus,tập trung
force,"ép, lực,..."
classic,"cổ điển, retro"
classify,phân loại
concentrate,tập trung
both,"2, cả hai,"
"avoid, dodge","tránh, né"
ttravel,du lịch
travelling,đi du lịch
cultural,văn hóa
traindition,truyền thống
stunning,ngoan ngục
landscape,phong cảnh
lanmark,di tích
adventure,cuộc phiêu lưu
departure,khởi hành
unforgetable,khó quên
taste,nếm thử
cusine,ẩm thực
thriling,hồi hộp
wanderlust,thích khám phá
explore,khám phá
each,mỗi
each other,nhau
journey,hành trình
bring,mang đến
generate,"chế tạo, tạo ra...."
button,nút
cerner,góc
negative,tiêu cực
navigate,điều hướng
native,một cách tự nhiên...
possible,...nhất có thể
impossible,không thể nào
larger,rộng lớn
type,"nhập, kiểu"
partner,cộng sự
parent,cha mẹ
patent,bằng sáng chế
invention,sự phát minh
purpose,mục đích
pose to,đặt ra
key thing,điều quan trọng
keep in mind,"cần lưu ý, cần phải nhớ"
remind,nhắc nhở
remaining,còn lại
be ,hãy
to able to,có thể
promptly,kịp thời
loyal ,trung thành
avocado,trái bơ
advocate,biện hộ
quickly,nhanh chóng
efficiently,hiệu quả
solve,gỡ rối
resolve,giải quyết
treaty,hiệp ước
treat ,đối xử
extra,thêm
mile,dặm
provide,cung cấp
provider,nhà cung cấp 
obessed,ám ảnh
agrument,cải nhau
proactive,chủ động
misunderstand,hiểu lầm
grade,cấp
lid,nắp...
unfamiliar,không quen
physical,vật chất
metal,tinh thần
despite,cho dù
express,thể hiện
enough,đủ
chores, việc nhà
distance,khoảng cách
appreciate,đánh giá cao
evaluate,đánh giá
consider,xem xét
value,giá trị
sibling,anh em ruột
decide,quyết đinh
arriver,tới
elementary,tiểu học
relationship,mối quan hệ
advise,lời khuyên
irreplaceable,không thể thay thế
bustle,nhộn nhịp
hustle,hối hả
well-know,nối tiếng
vibrant,sôi động 
unque,độc nhất
acient,cổ đại
acident,tai tạn
structure,cấu trúc
architecture,kiến trúc
"beach, coast,shore",bờ biển
attractive,hấp dẫn
acctraction,thu hút
describle,miêu tả
treapt,run rẩy
capital,thủ đô
citadal,trung tâm
visitor,khách tham quan
"definitely,certain,sure",chắc chắn
due,đến hạn
undeniably,không thể phủ nhận
deniable,có thể phủ nhận
surprises,bất ngờ
foreign,nước ngoài
atmostphere,không khí xung quanh
town,"thị trấn, quê "
rat race,nhịp sống nhanh
blow,nở 
destination,điểm đến
impressive,thu hút
comtemplate,thưởng thức
urban,thị trấn
"rural, countryside",nông thôn
limstone,đá vôi
cover,bao phủ
island,đảo
natural,thiên nhiên
wonder,kì quan
celebry,người nổi tiếng
idol,thần tượng
make a killing,kiếm được nhiều tiền
make a fortune,kiếm được nhiều tiền
actress,nữ diễn viên
actor,nam diễn viên
climax,cực điểm
miss,"hoa hậu, nhớ"
talent,tài năng
property,tài sản
worth,giá trị 
cinema,rạp phim
audience,khán giả
apperance,vẻ bề ngoài
mention,nhắc đến
ability,khả năng
extensive,sâu rộng
undoubtedly,chắc chắn
overuse,lạm dụng
kind,"loại, tốt bụng"
desire,mong muốn
tried,"thử,..."
admire,ngưỡng mộ
tie ,"cà vạt, buộc..."
intructor,"người hướng dẫn,..."
tour,chuyến du lịch
economic,kinh tế
campus,khuôn viên
facilities,cơ sở
prestiage,uy tín
praise,lời khen
authenticate,xác thực
lector,giảng viên
unemployment,thất nghiệp
orient,"định hướng, hướng..."
attend,"tham gia, bước vào"
criteria,tiêu chuẩn
tuition,học kì
determine,xác định
identify,"tìm ra, nhận dạng"
requirement,yêu cầu
eviroiment,môi trường
self-study,tự học
nessesary ,cần thiết
direction,hướng
extremely,vô cùng
excerbate,thêm trầm trọng
sedentary,thụ động
depresstion,trầm cảm
consequence,hậu quả
consciousness,ý thức
autism,tự kỷ
nutrition,dinh dưỡng
excessive,quá mức
prevent,ngăn chặn
approach,tiếp cận 
access,truy cập
harm,làm hại
immediately,ngay lập tức
convenient,thuận lợi
advantage,lợi thế
benefit,lợi ích
better,tốt hơn
opossed,phản đối
debate,tranh luận
essay,tiểu luận
period,giai đoạn
proud,tự hào
praise,lời khen
instead,thay vì
stead,thay thế
aware,nhận thức
inocent,vô tội
addiction,nghiện
stimulate,kích thích
disapprove,phản đối
approve,chấp thuận
exposure,phơi bày
risk,rủi ro
persuade = convinde,thuyết phục
sympathy,đồng cảm
pampered,chiều chuộng
discipline,kỷ luật
present,"hiện tại, món quà"
fulfill,hoàn thành
gathering,"tập hợp, tụ họp"
spauce,vợ chồng
passion,niềm đam mê
impart = deliver,truyền đạt
correct,chính xác
appropriate,thích hợp
affection,sự yêu thương
as long as,miễn là
as well as,cũng như
preference = interests,sở thích
particularty,đặc biệt
particular,cụ thể
satisfied,"hài lònng, thỏa mãn"
immesureable,vô bờ bến
tanned,rám nắng
neatly,gọn gàng
contrybute,đóng 
strict,nghiêm ngặt
matter,vấn đề
"ordinary,normal",bình 
geometry,hình học
riddle,câu đố
"away, far",xa
basic = fundamental,cơ bản
recognize,được công nhận
hertage,di sản
explore,khai thác
menument,thực đơn
boat rowing,chèo thuyền
dedication,cống hiến
algebra,đại số
custom ,phong tục
"majestic, spectacular",hùng vĩ
vivid,sống động
grand,vĩ đại
poetic,nên thơ
poem,bài thơ
commune,xã
province,tỉnh
district,"quận, tỉnh"
sand,cát
"coral,reef",san hô
"attractive, interesting",hấp dẫn
ecology,sinh thái
rather,hơn là
strange,lạ lùng
stranger,người lạ
strength,sức mạnh
monument,di tích
century,thế kỷ
decade,thập 
millennium,thiên niên kỷ
ocasion,dịp
over one ......,hơn một.....
"texture, structure",cấu trúc
pecient,bệnh nhân
excitied,"hứng thú, phấn kích, hào hứng "
exciting,thú vị
useful,hữu ích
meaningful,ý nghĩa
sight seeing,tham quan
aboard,nước ngoài
"expand,extend",mở rộng
equip,trang bị
shound not miss,không nên bỏ qua
beloved,người yêu thương
entering,bước vào
deep,sâu sắc
impressed,ấn tượng
harmony,"hài hòa, hòa hợp"
"mist,fog",sương mù
dense,dày đặc
spring,xuân
summer,hạ 
autumn,thu
fascinating ,đông
productive,năng xuất
effective,hiệu quả
"extraodinary, particularty, special",đặc biệt
estatic,ngấy ngây
"grill, bake",nướng
salty,mặn
bland,lạt
stink,hôi
rotten,thối
rot,thối rữa
cultivate,trau dồi
host,người dẫn chương trình
professionatly,nhiệt huyết
"carrer, profession",nghề nghiệp
suitable,phù hợp
praticipanting,tham gia
strengths,thế mạnh
"culinary, cusine",ẩm thực
reach,"đạt được, đạt tới"
"material, substance","vật liệu, chất liệu"
intergrate,áp dụng
comprehensive,toàn diện
chair,ghế
excitement,hứng thú
movivation,động lực
rational,hợp lí
"unreasonable, irrational",vô lí
sentences,câu
"examine, research",nghiên cứu 
comformtable,"thoải mái, dễ chịu"
encountered,đã gặp phải
clearly,rõ ràng
exhaust,khí thải
one of choces,1 lần tình cờ
embrace,"bao quát, ôm"
"exhausted, exhausting",kiệt sức
absorb,hấp thụ
resist ,kháng cự
mature,trưởng thành
relative,họ hàng
"match, compentition",cuộc thi
tutor,gia sư
entrance,đầu vào
temple,đền
saint,thánh
remembrance,tưởng nhớ
consider,xem xét
deeds,chiến công
represent,đại diện
encougrate,kích thích
ancestor,tổ tiên
woship,thờ
resourceful,tháo vát
agile,góc
angel,thiên thần
prerious,trước
forces,bắt buộc cái gì đó
reflect,phán ánh
reflex,phản xạ
honestly,thành thật
proper,đúng đắn
dissapoint,thất vọng
except,ngoại lệ
espect,trông chờ
aspect,khía cạnh
behavior,thái độ
accept,chấp nhận
consuming,tiêu thụ
serectary,thư kí
brief,ngắn gọn
briefcase,ba lo công tác
"rebellious, mischievous, naughty",tinh nghịch
performance,hiệu xuất
souvenir,quà lưu niệm
"profound, deep ",sâu sắc
symbol,biểu tượng
hung,treo
lacquerwares,tranh sơn dầu
marking,"chấm bài, đánh dấu"
dynasty,triều đại
cheers,"reo hò, vui mừng"
cermony,lễ
occasion,dịp
railway,đường sắt
"elegance,luxurious",sang trọng
"softly, lightly",nhẹ nhàng
light,nhẹ
soft,mền mại
product,sản phẩm
provide,cung cấp
manufacture,sản xuất
tailor,thợ may
suggest,gợi ý
suggested,đề xuất
agree,đồng ý
amire,ngưỡng mộ
desire,mong muốn
devide,chia
revise,ôn lại
"detect, discovery",phát hiện
mistery,"bí ẩn, phim trinh thám"
comedy,phim hài
cartoon,phim hoạt hình
character,nhân vật
now showing,đang chiếu
action move,phim hành động
scene,hiện trường
"plot, script",kịch bản
persimism,bi quan
optimism,lạc quan
effort,nỗ lực
strive,phấn đấu
compasstionate,từ bi
clumsy,hậu đậu
ferret,chồn
argued,tranh luận
shrinking,teo nhỏ
unravel,làm sáng tỏ
solving crima,phá án
gang,băng nhóm
crime,tội phạm
detective,thám tử
accidentally,tình cờ
thrilling,"li kì, hồi hộp"
impression,ấn tượng
chase,rượt đuổi
"compete, completion",hoàn thành
even though,mặc dù
athlete,"vận động viên, thế vận hội"
athletics,điền kinh
expand,mở rộng
buch,đám
pursuing,theo đuổi
gentle,dịu dàng
"empathy, sympathy",đồng cảm
regain,giành lại
ravel,làm rối loạn
disrupt,làm gián đoạn
dispute ,tranh luận
accept,cho phép
look out,cẩn thận
look for,tìm kiếm
look after,chăm sóc
look up,tra cứu
look down,xem thường
look at,nhìn vào
look forward to,mong đợi
go up,tăng giá
go down,giảm giá
go after,đuổi theo
go out,đi ra ngoài
go off,"nổ, xạo, báo thức...."
go on,tiếp tục
go away,cút
put on,mặc vào
take off,cởi ra
put off,trì hoãn
turn on ,mở
turn off,tắt
turn down,mở nhỏ
turn up,đến
turn round,"quay trở lại, quay đầu lại"
hurry up,nhanh lên
break down,hư hỏng
"resemble, look like",giống
"hold up, delay, postpone",trì hoãn
"get over, recover forrm","vượt qua, bình phục"
furniture,nội thất
trellis,dàn
garden,vườn
motto,châm ngôn
carry,mang
"breeze, blow",gió thổi
imagine,tưởng tượng
exchange,trao đổi
era,kỷ nguyên
standard,tiêu chuẩn
combine,kết hợp
"soild, land",đất
pollution,ô nhiễm
ferrtilize,phân bón
pesticides,thuốc trừ sâu
industy,ngành công nghiệp
agricultural,nông nghiệp
devastading,tàn phá
serious,nghiêm trọng
stems form,bắt nguồn từ
cause,"nguyên nhân, gây ra"
entire,toàn bộ
artifical,nhân tạo
littering,"xã rác, xả rác bừa bãi"
microbiological,vi sinh vật
include,bao gồm
exclude,loại trừ
contain,chứa
mankind,loài người
carcasses,xác chết
melty,tan chảy
heavy,nặng nề
flood,lũ lụt
domestic,nội địa 
dug into,thải vào
arlaming,đáng báo động
clear,thông thoáng
clean,sạch
near,gần
military,quân sự
direct,trực tiếp
indirect,gián tiếp
greenhouse,nhà kính
imdiscriminately,ném bừa bãi
"emission, exhaust",khí thải
"effect, impact",tác dụng
affect,ảnh hưởng
heat,nhiệt
temperature,nhiệt độ
lack,thiếu
slash,gạch chéo
cultivation,canh tác
forestry,lâm nghiệp
fishery,ngư nghiệp
deforestation,phá rừng
vulnerable,"yếu ướt, mỏng manh, dễ tổn thương"
landslide,sạc lở 
dealing,xử lí
ensure,đảm bảo
deal,thỏa thuận
individual,cá nhân
rapid,nhanh
population,dân số
growth,tăng trưởng
inbalance,mất cân bằng
account balance,số dư tài khoản
emitted,phát ra 
commit,làm
comitted,cam kết
habitat,môi trường sống
indispenable,không thể tách rời
wide,rộng
variety,đa dạng
bluff,bịp bợm
eateries,quán ăn
hygienic,hợp vệ sinh
moderation,đều đặn
squeeze,vắt
quail,chim cút
noodle,mì
flavor,hương vị
smell,mùi
"scent, aroma",mùi thơm
ingredient,nguyên liệu
gathering,thu thập
gather,tập hợp
enjoyed,rất thích
battery,pin
almost,hầu hết
condition,"điều kiện, tình trạng"
reception,"thu, nhận"
recognition,nhận diện
turning point,bước ngoặc
"suffering, anguished",đau khổ
suffer ,chịu đựng
intergrate,tích hợp
compose,sáng tác
measurement,đo đạt
sufing,lướt...
preeminet,ưu việt
tempered,ủ rủ
temper,nóng nảy
tempered glass,kính cường lực
indentified,nhận diện
deny,phủ nhận
cherish,ấp ủ
factor,yếu tố
cigaret,thuốc lá
greatly,rất nhiều...
fasting,ăn chay
diet,ăn kiêng
science,khoa học
fiction,giả tưởng
adversely,bất lợi
secretory,bài tiết
pignetation,sắc tố
complextion,màu da
discolor,đổi màu
relic,di tích
wrost,tồi tệ nhất
witness,nhân chứng
declaration,tuyên ngôn
indepedent,độc lập
democracy,dân chủ 
republic,cộng hòa
hospitable,hiều khách
solemn,trang nghiêm
vibrant,sôi động
sparkling,"lung linh, lộng lẫy"
brilliant,rực rỡ
bringht,chiếu...
dignified,"đứng đắn, nghiêm túc"
breath,hơi thở
"relate, accociated",liên quan
capable,có khả năng 
transport,trung chuyển
dumping,"bán phá giá, xả bừa bãi...."
organization,tổ chức
paleontologist,nhà khảo cổ học
digging,đào bới
"colosuss, giant",người khổng lồ
measure,đo lường
publication,công bố
researcher,nhà nghiên cứu
creature,sinh vật
current,hiện tại
curse,lời nguyền
"establishment, foundation",thành lập
fossils,hóa thạch
measure,biện pháp
uninteded,ngoài ý muốn
track,theo dõi
privacy,riêng tư
violation,sự vi phạm
"central, center",trung tâm
punitive ,trừng phạt
ruble,đồng rub - Nga
western,"phương tây, "
medical,thuộc về y học
attend,tham dự
bury,chôn
cemetery,nghĩa trang
funeral,đám tang
coffin,quan tài
several,một vài
goal,mục tiêu
small intertine,ruột non
quality,chất lượng
quantities,số lượng
eligible,đạt tiêu chuẩn
derived,"nguồn gốc, dẫn xuất"
minor,"thiểu số, nhỉ"
major,đa số
portion,"phần, khẩu phần ăn"
diabete,tiểu đường
"intake, input",đầu vào
accumulation,tích lũy
obesity,béo phì
"bleak, gloomy",ảm đạm
bleach,chất tẩy trắng
"outlook, viewpoint, perspective",quan điểm
perspective,"nhận thức, quan điểm"
"furious, anger",tức giận
"powerless, helpless",bất lực
guilty,tội lỗi
"concern, preoccupied",bận tâm
against,chống lại
toward,theo hướng
moisture,độ ẩm
epidemic,bệnh dịch
"reproducing, regeneration",tái tạo
storage,kho
achive,lưu trữ
evaporate,bốc hơi
permit,cho phép làm gì
degree,độ
crediting,tín dụng
mark,đánh dấu
host a summit,hội nghị thượng đẳng
minister,bộ trưởng
suppress,kìm nén
surging,gia tăng
impunity,miễn trừ
no longer,không còn là
"committing, commited",cam kết
monitor,màn hình
"monitoring, observe",quan sát
surveillant,giám sát
veteran,cựu chiến binh
campain,chiến dịch
pledge,lời hứa
reverse,đảo ngược
dismantle,tháo dỡ
preside,chủ trì
resuming,nối lại
command,yêu cầu
operating,điều hành
savana,thảo nguyên
tropical,nhiệt đới
vegetation,thảm thực vật
plateau,cao nguyên
desert,sa mạc
swamp,đầm lầy
exper,chuyên gia
crime,tội phạm
resume,sơ yếu lí lịch
collaborate,cộng tác 
thus,do đó
frank,thẳng thắng
competition,cạnh tranh
as noted,như đã nêu
fewer ,ít hơn
detail,chi tiết
"contrary, contrast","ngược lại, đối lập"
handle,xử lí
forgiving,khoan dung
in partilular,đặc biệt
accomplishment,thành tựu
perhaps,"có lẽ, có thể"
cooporate,hợp tác
out going,sắp thôi việc
fired,bị đuổi việc
sightly,"khá, hơi..."
overall,tổng thể
capable,có khả năng
reckon,tính toán
workflow,quá trình làm việc
possibly,có thể
alternatively,lần lượt
take sth for granted,không biết quý trọng....
"delight, joyful",hân hoang
pants,quần dài
whether,liệu
loose,lỏng lẻo
bench,băng ghế
forgive,thứ lỗi
decide,quyết định
suddently,đương nhiên
court,toàn án
courting,lời tán tỉnh
cucumber,dưa chuột
orientation,định hướng
"intent, intending","ý định, có ý định"
brick,gạch
"shouted, yelled",la hét
"stealthily, sneaky",lén lút
cabinet,tủ
bent,uống cong
fine,"ổn, tiền phạt"
polite,lịch sự
"impolite, rude",bất lịch sự
irresponsible,vô trách nhiệm
"careless, negligent",cẩu thả
obiviously,dĩ nhiên
whilst,trong khi
all in all,tổng kết lại
on the whole,về tổng thể
distribute,phân phối
perform,"thi hành, thực hiện"
therefore,do vậy
accordingly,theo
tabloid,báo khổ nhỏ
apology,lời xin lỗi
admit,thừa nhận
neverless,tuy thế
inventive,đầy sáng tạo
attention,chú ý
investigative,điều tra
infomative,nhiều thông tin
verify,kiểm chứng
identify,"xác định, nhận dạng"
"authentication, validate",xác thực
de - authentication,hủy xác thực
bias,thiên vị
impartial,vô tư
ideology,hệ tư tưởng
rechargeable,có thể sạc lại
charge,sạc
arrange,sắp sếp
"rapid, quick",nhanh
competency,năng lực
topical,thuộc đề tài
validate,xác thực
operate,điều hành
promotion,khuyến mãi
promote,"thăng tiến, xúc tiến"
contaminate,làm ô uế
recruitment,tuyển dụng
"proven, demonstration",chứng minh
evidence,chứng cớ
absorb,hấp thụ
talkative,lắm lời
competition,cuộc thi
compete,cạnh tranh
harsh,khắc nghiệt
churlish,thô bỉ
dizzy ,chóng mặt
nausea,buồn nôn
"fussy, loud","ồn ào, ồn"
sparking,lung linh
spotless,không tì vết
disscuss,thảo luận
straight,thẳng
influenza,cảm cúm
cross,"kiểu như băng qua, bắt chéo...ngã tư"
the cross,Thánh Giá
buddhism,đạo Phật
islamic,Hồi Giáo
christiannity,Thiên Chúa giáo
hinduism,Ấn Độ giáo - Hindu
"produce, manufacture",sản xuất
wonder,tự hỏi
forget,quên
compact,"gọn, nhỏ gọn"
swipe,vuốt
reward,phần thưởng
bent,"cong, uống cong"
"nourish, bring",nuôi dưỡng
huge,to lớn
thick,dày
thin,mỏng
flourished,phát triển khỏe mạnh
across,cross
"frail, weak",yếu đuối
refuse,từ chối
brighten,tươi sáng
constipation,táo bón
netabolism,trao đổi chất
"negative, ",tiêu cực
ulcer,loét
"gastric, stomach",dạ dày
insomia,mất ngủ
surgency,khẩn cấp
spared,tha
disgetive,tiêu hóa
kidney,thận
murder,giết người
delta,đồng bằng
"quarreling, arguing",cãi nhau
traumatic,chấn thương
soothe,xoa dịu
"frustrated, annoyed",bực bội
suspiciously, đáng ngờ
fatal,chết người
benefactor,ân nhân
"attempt, effort",nỗ lực
chart,biểu đồ
exist,tồn tại
flow,"dòng chảy, chảy"
"practical, realistic",thực tế
suspect,nghi ngờ
scout,trinh sát
wet,ướt
reliance,"nương, nhờ vào..."
reliable,đáng tin cậy
profit,lợi nhuận
revenue,doanh thu
consultation,tư vấn
advise,khuyên nhủ
transfer,chuyển giao
conference,hội nghị
autonomy,quyền tự trị
"proportion, ratio",tỉ lệ
expen,chi tiêu
arrested,bị bắt
procedures,thủ tục
authorities,chính quyền
accusation,buộc tội
judge,phán xét
embezzlememt,tham ô
"competition, contest",cuộc thi
conprehension,bao quát
pick out,chọn ra
fomal,chính thức
infomal,không chính thức
homeroom,giáo viên chủ nhiệm
allocation,phân bổ
fugitive,kẻ đào tẩu
capture,chiếm lấy
"involvement, participate",tham gia
transnational,vượt quốc gia
pandemic,đại dịch
administrative worker,nhân viên văn phòng
quarter,1/4
one third,1/3
"incompetent, loser",bất tài
unacceptable,không thể cấp nhận được
"wealthy, rich",giàu
blame,đổ lỗi
mortgage,thuế chấp
criticize,chỉ trích
scold,trách mắng
participate,tham gia
account for,chiếm
institute,học viện
breadwinner,trụ cột
rural,nông thôn
urban,đô thị
survey,khảo sát
labor,"lao động, nhân công"
amplification,khuếch đại
relevant,liên quan
offence,xúc phạm
offensive,phản cảm
loan,vay
debt,khoản nợ
"frequently, regular",thường 
"discrimation, distinguish","phân biệt, kì thị"
steadily,đều đặn
regardless,"không để ý, không liên quan"
"doubled, duplicated",gấp đôi
deteriorate,xấu đi
urged,"thúc đẩy, thúc giục"
burden,gánh nặng
perception,nhận thức
boudaries,ranh giới
chin,cằm
mock,chế nhạo
provocative,trêu chọc
curious,tò mò
burn,dốt
substantial,đáng kể
former,cựu...
decision,quyết định
restricted,hạn chế
legally,hợp pháp
release,giải phóng
yard,sân
cozy,ấm áp
stuffed,...nhồi bông
adjoining,liền kề
sheet,bảng
shortcoming,thiếu sót
"ratio, scale",tỉ lệ
"spin, rotate",quay
atleast,ít nhất
"propts, tool",công cụ
composition,thành pần
jungle,rừng
export,xuất khẩu
sence,giác quan
embedding,nhúng
repository,kho
execution,chấp hành
policy,chính sách
patient,kiên nhẫn
inperdectly,không hoàn hảo
parameters,tham số
uilities,tiện ích
modify,biến đổi
specific,cụ thể
additional,thêm vào
resolution ,nghị quyết
accelerate,thúc giục
"section, part",phần
aton,nguyên tử
otherwise,nếu không thì
bucket,cái xô
bracket,dấu ngoặc
emphasize,nhấn mạnh
influent,ảnh hưởng
"scrubbed, wash",cọ rửa
correspond,tương ứng
assistant,trợ lí
accountant,kế toán
clerk,nhân viên văn phòng
dentist,nha sĩ
midwife,hộ sinh
paramedic,nhân viên cấp cứu
surgeon,bác sĩ phẫu thuật
vet,bác sĩ thú y
author,"tác giả, nhà văn"
composer,nhàc sĩ
serectary,thư kí
director,giám đốc
comedian,diễn viên hài
sculptor,nhà điêu khắc
barista,người pha cà phê
clinic,phòng khám
pharmacist,dược sĩ
electrician,thợ điện
mechanic,thợ máy
carpenter,thợ mộc
"bricklayer, manson",thợ hồ
diplomat,nhà ngoại giao
librarian,thủ thư
nerd,mọt sách
rodent,gặm nhắm
delve,đào sâu
find out,tìm hiểu
deterministic,quyết định
can barely,khó có thể
"concept, idea",ý tưởng
canon,kinh điển
"similar, correspond",tương tự
illustration,hình minh họa
rim,vành
closeup,"cận cảnh, gần hơn"
illusion,ảo giác
charcoal,than củi
powerful,mạnh mẽ
intricate,phức tạp
indeed,thực sự...
stack,"cộng dồn, xếp chồng"
phrase,cụm từ
order of,sắp xếp
at the first glance,thoạt nhìn
glance,liếc 
punctuation,chấm câu
"blurry, blur",mờ
"massive, big, giant",to lớn
genius,thiên tài
mass,khối
"skillful, tactful",khéo léo
theories,lí thuyết
scheme,cơ chế
"multitude, countless",vô số
infinite,vô hạn
limited,"hữu hạn, giới hạn"
chuck,đoạn
paragraph,đoạn văn
unit,đơn vị
"plain, simple",đơn giản
"counteract, against",chống lại
refine,tinh chỉnh
adjustment,điều chỉnh
lip,môi
interpreter,thông dịch viên
literal,nghĩa đen
literally,theo đúng nghĩa đen
anatony,giải phẩu học
artifact,hiện vật
parenthesis,ngoặc đơn
wrapping,gói lại
multiplication,phép nhân
square bracket,dấu ngặc vuông
contract,hợp đồng
contact,liên hệ
contrast,"tương phản, đối lập"
inn,mực
satisfying,"đáp ứng, thỏa mãn"
scram,hãm
steader,ổn định
liberty,tự do
firmer,vững chắc hơn
steady,vững chắc
pot,cái ấm
incense,nhang
harbor,cảng
"spot, slot",chỗ
skeptical,hoài nghi
"brilliant, excellent",xuất sắc
charming,quyến rũ
fascinating,lôi cuốn
clever,kéo léo
ambitious,tham vọng
calm,bình tĩnh
"cautious, considerate","cẩn thận, thận trọng"
"amusing, cheerful, fun ",vui
thoughtful,chu đáo
"faithful, loyal",chung thành
generous,"hào phóng, rộng lượng"
hard-working,chăm chỉ
honest,thành thật
humorous,hài hước
humble,khiêm tốn
imaginative,giàu trí tưởng tượng
kind,tốt bụng
sincere,chân thành
sociable,hòa đồng
"intelligent, smart",thông minh
"aggressive, ferocious",hung dữ
bossy,thích sai bảo người khác
careless,bất cần
"crazy, mad",điên khùng
boring,tẻ nhạt
pair,đôi
"visual, sight",thị giác
colon,dấu :
decimal,"phân số, thập phân"
specified,được chỉ định
degeneration,thái hóa
sampling,lấy mẫu
indicate,biểu thị
"altogether, total",toàn bộ
"prominent, outstanding",nổi bật
padding,đệm...
prematurely,quá sớm
"looping, endless",vòng lặp
repeatedly,nhiều lần
conform,tuân thủ
prediction,"tiên đoán, dự đoán"
unpredicable,không thể đoán trước
comply,tuân theo
tend,có khuynh hướng
unimpactful,không có tác động
subject of,chủ đề
nested,lồng vào
consistent,nhất quán
dedicated,tận tụy
"indication, instruction",chỉ dẫn
reception,lễ tân
"associated, involve, revelant",liên quan
"associate, combine",kết hợp
rewarding,bổ ích
compose,sáng tác
useful,hữu ích
conducting,tiến hành
eavesdrop,nghe lén
blackmail,tống tiền
kidnapped,bắt cóc
strategist,chiến lược gia
strategy,chiến lược
obedient,"nghe lời, ngoan"
controlversial,gây tranh cãi
strugg,đấu tranh
agrument,tranh cãi
"debate, dispute",tranh luận
complex,tổ hợp
complete,hoàn thành
completely,hoàn toàn
depeding,tùy
intention,ý định
amount,số lượng
"sumaries, in complution",tóm tắt
symmetrical,đối xứng
"symmetry, opposite",đối diện
approval,chấp thuận
biblical,kinh thánh
wrestling,đấu vật
racist,phân biệt chủng tộc
sexist,phân biệt giới tính
jurisdiction,quyền hạn
"a permit, license",giấy phép
designate,chỉ định
coordinating,phối hợp
conjunction,liên kết
"clause, term",điều khoản
"versatle, flexible",linh hoạt
ambiguous,mơ hồ
confusing,nhầm lẫn
mistake,sai lầm
duke,công tước
nuke,vũ kí hạt nhân
nuclear,năng lượng hạt nhân
contradic,mâu thuẫn
requisite,điều cần thiết
refers,ám chỉ
refer,tham khảo
wink,nháy mắt
spice,gia vị
context,bối cảnh
pursuit,theo đuổi
cope,đối phó
"drowsiness, Sleepy",buồn ngủ
"strengthen, enchance, boost",tăng cường
"fatigue, tried",mệt mỏi
apnea,ngưng thở
"stage, period",giai đoạn
subtle,tế nhị
soulmate,tri kỉ
react,phản ứng
"mentor, instructor",người hướng dẫn
flytrap,"cây bắt ruồi, cây ăn thịt người"
insect,côn trùng
phenomena,hiện tượng
mirage ,ảo ảnh
illution,ảo giác
conspiracy,âm ưu
ideal,lý tưởng
compulsive,cưỡng ép
drug,ma túy
disorder,rối loạn
cure,sự chữa bệnh
therapist,nhà trị liệu
"shame, shy",xấu hổ
ranching,chăn nuôi
farming,trồng chọt
"mindful, responsible",trách nhiệm
"reliable, reliance",đáng tin cậy
willingness,tự nguyện
willing,sẵn sàng
pastor,mục sư
firefighter,lính cứu hỏa
"consist, include",bao gồm
repentance,sám hối
contrition,ăn năng
volunteer,tình nguyện
etiquette,lịch sự
interact,tương tác
utensils,đồ dùng - đũa - muỗng - ...
greet,chào hỏi
"interrupting, disrupt",làm gián đoạn
blush,đỏ mặt
"betrayal, treachery",phản bội
trust,tin tưởng
faith,sự tin tưởng
truth,sự thật
dealt,xử lí
circumstances,trường hợp
hypothe,giả thuyết
innovation,sự đổi mới
constraint,hạn chế
achivement,thành tựu
pratice,thực hành
pratical,thực tế
parnership,quan hệ đối tác
funding,kinh phí
"vendor, seller",người bán
harm,làm hại
selfish,ích kỷ
"genre, categories",thể loại
category,danh mục
"ridicule, mock",chế nhạo
foible,nhược điểm
tyrant,bạo chúa
transparent,trong suốt
trait,đặc điểm
vice,tật xấu
"abuse, overuse",lạm dụng
overwhelm,áp đảo
coach,huấn luyện viên
spontaneous,tự phát
corruption,tham nhũng
expose,phơi bày
likely,rất có thể
injure,làm tổn thương
punishment,hình phạt
"foible, drowback, defect",nhược điểm
sturdy,vững chắc
withstand,chịu đựng được
endurance,sức chịu đựng 
stock market,thị trường chứng khoán
ingrain,ăn sâu
"accomplishment, achivement","thành tích, thành tựu"
determination,quyết tâm
accompanis,đi kèm
grief,nỗi buồn
appetite,thèm ăn
desserts,món tráng miệng
bankrupt,phá sản
refugrees,người tị nạn
victim,nạn nhân
sense of,cảm giác
conceit,tự cao
resilliance,"khả năng hồi phục, thích ứng"
masterpiece,kiệt tác
superior,thượng đẳng
"arrogant, pride",kiêu ngạo
intense,mãnh liệt
tense,căng
lash out,đả kích
isolate,cô lập
journaling,viết nhật ký
diary,nhật ký
counselor,cố vấn
"put out, extinguish",dập tắt
collapse,sụp đổ
hazardous,nguy hiểm
carry out,tiến hành
"vital, essential",thiết yếu
necessary,cần thiết
diploma,bằng cấp
recuse,giải cứu
growl,tiếng gầm gừ
silly,ngớ ngẩn
maim,thương tật
limb,"tứ chi, tay chân"
explode,nổ tung
corpoal,hạ sĩ
slit,rạch
"frantically, madness",điên cuồng
departure,khởi hành
folk tale,truyện dân gian
sip,"hớp, uống 1 hơi"
"giggle, chuckled",cười khúc khích
roast,thịt nướng
sniff,đánh hơi
tempting,hấp dẫn
patches,"vá, chắp"
crust of,vỏ của...
skiwer,xiên thịt
soak,ngâm
merely,chỉ đơn giản là
vine,vườn nho
grape,nho
"attire, skin",trang phục
mansion,biệt thự
migled,trộn
turban,khăn quấn đầu - ở India
swagger,vênh váo
servant,người hầu
nod,gật đầu
heaped,chất thành đống
gesture,ám hiệu
pickle,dưa chua
fig,quả sung
amazement,sửng sốt
compassion,lòng trắc ẩn
companion,bạn đồng hành
nervous,"thần kinh, lo lắng"
bacteria,vi khuẩn
cereal,ngũ cốc
fuel,nhiên liệu
grain,lương thực
diminish,giảm bớt
bullshit,nhảm nhí
crap,tào lao
ton,tấn
incredible,đáng kinh ngạc
reunite,tái hợp
disoriented,mất phương hướng
"fomular, recipe",công thức
british,người Anh
conflic,xung đột
mud,bùn
allied,đồng minh
truce,đình chiến
stay sane,giữ tỉnh táo
exchange,trao đổi
barrel,thùng
juggler,nghệ sĩ tung hứng
arise,này sinh
taboo,cấm kị
lick,liếm
insciption,dòng chữ
signpot,bảng chỉ dẫn
suicide,tự sát
external,vĩnh cữu
expiry,hạn sử dụng
premanent,vĩnh viễn
suburb,ngoại ô
cattle,"gia súc, bò"
frandulent,lừa đảo
fluent,thành thạo
estimate,ước lượng
accompany,đồng hành
bond,liên kết
collaborate,hợp tác
visible,dễ thấy
relate,liên quan
refering,giới thiệu
peer,ngang nhau
"charimatic, fascinating",lôi cuốn
daring,táo bạo
courageous,can đảm
demanding,yêu cầu khắt khe
cowardice,hèn nhát
energentic,mãnh liệt
feminine,giống cái
"derogatory, offence",xúc phạm
branch,nhánh
merge ,"hợp, hợp nhất"
mischievous,tinh nghịch
competent,có thẩm quyền
authority,thẩm quyền
maternal,"bên ngoại, bên gia đình mẹ"
"apply to, submission",nộp hồ sơ
synonym,đồng nghĩa
"heir, inheritor","người kế thừa, kế thừa"
enmity,thù địch
descendant,hậu duệ
rivalry,ganh đua
abandon,bỏ rơi
outcast,bỏ bơ vơ
colony,thuộc địa
inquire,hỏi thăm
"dearth, scarity",khan hiếm
"eradicate, exclude",loại trừ
incinerate,thiêu
incipient,mới bắt đầu
inseparable,không thể tách rời
intrinsic,nội tại
"unavoidable, inevitable",không thể tránh khỏi
latent,ngầm
"preclude, prevent",ngăn chặn
exclude,loại trừ
superficial,siêu phàm
termination,chấm dứt
separate,"chia, chia cắt"
superior,thượng đẳng
superstitions,mê tín
roach,gián
executive,điều hành
"innovative, innovation",sự đổi mới
apeal,bắt mắt
techies,kĩ thuật viên
hand out,trao
remarkable,đáng chú ý
article,bài báo
prizes,giải thưởng
scandal,vụ bê bối
patriotic,yêu nước
"prohibit, ban",cấm
resident,người dân
"resonable, rational",hợp lí
religion,tôn giáo
strict,nghiêm ngặt
regards,trân trọng
palance,cung điện
roof,mái nhà
nationalities,quốc tịch
singular,số ít
spicy,cay
intensity,cường độ
ordinal,thứ tự
attitude,thái độ
abalone,bào ngư
"irritation, stimulate",kích thích
scalp,da đầu
mild,nhẹ
presciption,đơn thuốc
widening,mở rộng
noticeable,đáng chú ý
afford,đủ khả năng chi trả
pros and cons,ưu và nhược điểm
"assembly, metting",cuộc họp
restrict,hạn chế
"murmur, whisper",thì thầm
insertion,chèn
sort,"loại, sắp xếp"
bubble,bong bóng
index,mục lục
apocaplyse,tận thế
thud,thịch
thump,đập mạnh
reference,có thẩm quyền giải quyết
ready stock,hàng có sẵn
"gauntlet, glove",găng tay
expression,sự biểu lộ
commissioned,hạn sĩ
nobleman,quý tộc
alchemist,nhà giả kim
freemanso,người tự do
prince,hoàng tử
princess,công chúa
distinguish,phân biệt
regiment,trung đoàn
lightweight,nhẹ
infantry,bộ binh
mechanis,cơ khí
hydraulic,thủy lực
compound,hợp chất
carriage,xe kéo thời xưa
"cunning, insidious",xảo nguyệt
censorship,người kiêm duyệt
spread,phết
lettuce,xà lách
oble,cao quý
imperative,mệnh lệnh
"get rid, escape",thoát khỏi
minimalist,tối giản
front,đằng trước
contraction,rút gọn
constant,liên tục
"tilt, lean",nghiêng
"thrust, push",đẩy
"drag, pull",kéo
frictional,lực ma sát
offset,bù lại
upward,"trở lên, bay lên"
elevator,thang máy
shaft,trục
oat,yến mạch
muffin,bánh xếp
roasted,rang
antarctic,nam cực
nourth pole,bắc cực
"dowtown, center city",trung tâm thành phố
melty,tan chảy
people come people,người đến người đi
salad day,ngày tháng bồng bột
upperclassman,lớp trên
energizing,tiếp thêm sinh lực
residence,nơi cư trú
monarchs,quốc vương
fortress,pháo đài
arma-ment,vũ khí
"reign, dinasty",triều đại
crown,vương miệng
crow,quạ
crowd,đông đúc
scepter,quyền trượng
cliff,vách đá
arch,vòm
unless,trừ khi
monastery,tu viện
tapestries,thảm trang trí
carving,chạm khắc
"pond, lake",hồ
fodder,thức ăn gia súc
straw,cuộn rơm
statue,bức tượng
chariot,xe ngựa
"chateaux, castle",lâu đài
misstress,tình nhân
"apparent, clearly",rõ ràng
still,vẫn
till,cho đến khi
revolt,"nổi loạn, khởi nghĩa "
winery,nhà máy rượu
wandered,lang thang
fortified,kiên cố
toss,quăng
dome,nhà hộp
facade,mặt tiền
marble,đá cẩm thạch
fairy,nàng tiên
hall,sảnh
represent,đại diện
overcome,vượt qua
suites,dãy phòng
dominate,thống trị
passta,mì ống
plaza,quảng trường
fountain,đài phun nước
colloseum,đấu trường la mã
imprisoned,bị cầm tù
"ramport, citadel",thành lũy
crew,phi hành đoàn
mattress,nệm
patio,hiên nhà
valley,thung lũng
countable,đếm ngược
dozen,chục
syrup ,si rô
favor,"ủng hộ, nhờ...."
hassle,rắc rối
groceries,cửa hàng tạp hóa 
champagne,sâm banh 
conceciding,trùng hợp
countryman,đồng hương
glittering,lấp lánh
pure,nguyên chất
itself,chính nó
grasshopper,châu chấu
fade,mờ dần
blinking,nhấp nháy
weird,kì quặc
fate,định mệnh
echoes,tiếng vang
beetles,bọ cánh cứng
certain - sure - definitely,chắc chắn
slumber,giấc ngủ
dozed,ngủ gậc
den - cave,hang động
joy - happy,vui vẻ
raspy,sự ăn mòn
have you no manner,bạn không có ý thức à
saucily,xất xược
argue,tranh cãi
nor,cũng không
permit,cho phép làm gì
punish,hình phạt
gorgeous,lộng lẫy
admiration,ngưỡng mộ
what fool,thật ngu ngốc
wrinkle,"nhăn nheo, nếp nhăn"
spy,gián điệp
resemble,giống nhau
peacook,con công
venture - risky,mạo hiểm 
yard,sân 
recuse,cứu hộ
moulting,lột xác
tail,đuôi
discovered - detect,phát hiện
striding,sải bước
peck,mổ
plume,lông chim
borrow,mượn
shepherd,người chăn cừu
grazing,chăn thả
pasture,đồng cỏ
out of greed,vì lòng tham
greed,lòng tham
steal,ăn trộm
belling the cat,đeo lục lạc cho mèo
mice - rat,chuột
general council,hội nghị chung
council,hội nghị
consider,xem xét
proposal to make,đề xuất cần làm
chief,trưởng phòng 
consist,bao gồm
contain,chứa
the sly,ranh mãnh
danger,nguy hiểm
treachery - abury - betray,phản bội 
treacherous,phản bội
manner ,thái độ
behavior,hành vi
approach,tiếp cận
propose,tư thế cầu hôn
proposal ,đề xuất
applause - clap,vỗ tay
impossible remidies,biện pháp bất khả thi
remidies,biện pháp khả thi
reputation,danh tiếng
retinue,tùy tùng 
riding,cưỡi ngựa
slave,nô lệ
beneath,ngay phía dưới
beyond - external,bên ngoài
on top of,tên đỉnh của
in short,nói ngắn gọn
in simple term,nói 1 cách đơn giản
to repeat,nhắc lại
repeatedly,nhiều lần
mean while,trong khi đó
previous,trước đó
subsequently,sau đó
midday,giữa ngày
agrument,lý lẽ
coward,nhát gan
courage,can đảm
stout body,thân hình mập mạp
hounds,chó săn
wolves,chó sói
sheer - absolute,tuyệt đối
won't,sẽ không
bark,vỏ cây
bark of,tiến sủa của
what a satire,thật mỉa mai
satire,châm biếm
pleased,hài lòng
admire,ngưỡng mộ
fortune,vận may
pretend,giả vờ
prevent,ngăn chặn
president,tổng thống
prison,tù nhân
pattern,mẫu
indeed,thật vậy
eager,háo hức
to begin,bắt đầu với
accordingly,theo như
and so,và vì thế
as a reslut,kết quả là
consenquently,do đó
hence - so - therefore - thus,vì vậy
but - yet,nhưng
however - nevertheless,tuy nhiên
on the contrary - contrast,ngược lại
and brief,nói chung
in closing,tóm lại
on the whole,nói chung
along side,dọc theo
buzzing,tiếng vo ve
spitefully,ác ý
instant,lập tức
instead,thay vì
stung,chích
rage,cơn thịnh nộ
firece,"nảy lửa, quyết liêt"
claw,móng vuốt
roar,tiếng gầm
terribly,khủng khiếp
spider web,mạng nhện
there,ở đó
miserable,khổ sở
the prey,con mồi
pride,khiêu ngạo
pround,tự hào
period,giai đoạn
off guard,mất cảnh giác
mecury,thủy ngân
woodman,tiều phu
despair,tuyệt vọng
weeping,khóc lóc
hold,"giữ, cầm"
laid,đặt
declared,khai báo
had been lost,đã đánh mất
glad,vui mừng
pebbles,sỏi
in a pinch,trong tình huống khó khăn
wit,mưu mẹo
stroll,đi dạo
grace,duyên dáng
ungrace,vô duyên
accustom,quen dần
twisting,"xoắn, vặn"
precept,dạy bảo
quench,dập tắt
each other,nhau
anger,tức giận
angle,góc
angel,thiên thần
soon,sớm
suddenly,đột nhiên
vulture,kền kền
vulnerable,"yếu ớt, mong manh"
longing,thèm khát
beast,quái thú
thus,như vậy
mosquito,muỗi
away with you,cút đi mày
vile,hèn
insect,côn trùng
whatwver,bất cứ điều gì
certificate,chứng chỉ
expiry,hạn sử dụng
eternal,vĩnh cữu
permanet,vĩnh viễn
decoy,mồi nhử
obfuscation,xáo trộn
track,theo dõi
that the point right,đó là mục tiêu đúng không
duplicatie,nhân đôi
there was once,đã từng có
ill-nature,xấu tính
fasten,đóng lại
clog,tắt nghẽn
drag,kéo
wiser,không ngoan
acquaitntance,"người quen, dejavu"
disgraceful,đáng hổ thẹn
notoriety is not fame,tai tiếng không phải là danh tiếng
crow,quạ
crowd,đông đúc
crown,vương miện
scepter,quyền trượng
pastor,mục sư
pitcher,cái bình
spell,đánh vần
spell of dry,đợt hạn hán
thirst,khát nước
drought,hạn hán
referred,được giới thiệu
synchronization,đồng bộ hóa
a little bit of,một chút của
intrusive - offen,xúc phạm
detect,phát hiện
track,theo dõi
steal,trộm
sin,"tội, lỗi"
opposed,"phàn đối, ngược lại"
protest,"phản đổi, phản kháng"
initiate,khởi xướng
never mind,đừng bận tâm
establish,thành lập
pseudo,giả
filter,lọc
session,phiên họp
poking,chọc  (dùng tay chọc)
manual,thủ công
accurate,chính xác
stink,mùi hôi
script,kịch bản
tracerounte,dấu vết
stuff,chất liệu
how far away,bao xa vậy ?
reinstall,cài đătk lại
journeymen,cựu học viên
make a mess,làm rối tung
apprentice,thực tập
well-recognized,có danh tiếng
competition,cuộc thi
position,chức vụ
orientation,phương hướng
expect,mong đợi
excited,háo hức
you better make sure,tốt hơn là bạn nên chắc chắn
leak,rò rỉ
reuse,tái sử dụng
plug,ổ cắm
to do that,để làm điều đó
negative,tiêu cực
navigate,điều hướng
natively,vốn có
reminisce,hoài niệm
helmet,mũ bảo hiểm
salad day,tháng ngày bồng bột
hand cuffed,còng tay
panacea,chữa lành tất cả
solitude,một mình nhưng không hề cô độc
overwrite,ghi đè
straight,thẳng
strength,mạnh
strange,lạ lùng
correspond,tương ứng
kelp,tảo bẹ
string ,dây
variation,biến thể
single out,chọn ra một
subtle,tế nhị
wordy,nhiều lần
repeat ,lặp lại
gigantic - giant,khổng lồ 
specify,chỉ định 
weird,kì quặc
blend,trộn
boot,khởi động
curious,tò mò
workstation,nơi làm việc
continually,liên tục
distros,bản phân phối
subdirectories,thư mục con
privilege,đặc quyền
exclusive ,loại trừ
disrupt,quấy rối
hamper,ngăn chặn
lobby,hành lang
bring up,nuôi lớn somthing
lengthy,dài lòng
waste,phí phạm
conform,tuân thủ
defect,phát hiện
inspect - observe,quan sát
priority,ưu tiên
throw out,vứt bỏ
anxious,lo lắng
assume,"cho rằng, giả định"
experiment,thí nghiệm
experience,"kinh nghiệm, trải nghiệm"
lease , cho thuê
lease agreement,hợp đồng cho thuê
consider,xem xét
platform,nền tảng
pretty,"đẹp, ..."
underscore,dấu gạch dưới
lowercase,chữ thường
capital letter,chữ hoa
proven,chứng minh
abuse,lạm dụng
abuse ,lạm dụng
stimulate,kích thích
mermaid,nàng tiên cá
disturb,làm phiền
liability,trách nhiệm pháp lí
reflect,phản ánh
account balance,số dư tài khoản
subtract ,trừ đi
deduct,khấu trừ
down payment,trả trước
mortage,cầm đồ
signature,chữ kí
accumulate,tích tũy
asset,tài sản
audit,kiểm toán
budget,ngân sách
debt,nợ
turnover,doanh thu
fund,kinh phí
pull out,rút lui
deadline,hạn cuối
forecast,dự đoán
target,mục tiêu
yield,năng xuất
conductive,dẫn điện
revise,sửa lại
compensate,bồi thường
eligible,đủ tư cách
delicate,"nhạy bén, nhanh nhạy"
negoative,thương lượng
estimate,ước lượng
retire,nghỉ hưu
wage,tiền công
hesitate,do dự
weakness,điểm yếu
achivement,thânh tựu
merit,công lao
promote,khuyến mãi
obtain,đạt được
bargain,mặc cả
carrier,hãng vận chuyển
catelog ,mục lục
supply,cung cấp
provide,cung cấp
discount,giảm giá
inpose,áp đặt
rectify,chỉnh sữa
terms,điều kiện or thuật ngữ
adjust,điều chỉnh
crucial,chủ yếu
prison - jail,nhà tù
stadium,sân vận dộng
valley,thung lũng
box office,phòng vé
pop corn,bỏng ngô
noon,buổi trưa
decision,phán quyết
abide by,tuân thủ
consumer,người tiêu dùng
convince,thuyết phục
productive,sản xuất
imply,ngụ ý
vary,biến đổi
demonstrate,chứng minh
attend,xuất hiện
display,hiển thị
ignore,bỏ qua
upon,trên
durable,lâu bền
petition,lời thỉnh cầu
proof,chứng minh
balm,"sáp chống khô, nứt da"
alcohol,đồ uống có cồn
appetizer,món khai vị
assittant cook,phụ bếp
bar,quầy rượu
booking,đặt trước
chef,đầu bếp
cocoa,ca cao
dessert,món tráng miệng
entree,món chính 
F&B manager,giám đốc bộ phận ẩm thực
food runner,nhân viên chạy bàn
waiter - waitress,bồi bàn
goose,ngỗng
landle,thìa múc canh
lobster,tôm hùm
octopus,bạch tuộc
price list,bảng giá
smoothie,sinh tố
tip,tiền bo
guest house,nhà khách
topical,thuộc chủ đề
surrounding ,"xung quanh, lân cận"
beneficial ,có lợi
good match,hợp nhau
negotiate ,đàm phán 
validate ,xác thực
inpact,tác động
operate,vận hành
emission,khí thải
ecological balance ,cân bằng sinh học
function ,chức năng
occupant ,xúc tiến
spacious,rộng rãi
organised ,có tổ chức
contaminate,làm ô uế
recruitment agency ,cơ quan tuyển dụng 
expand ,mở rộng 
absorb ,hấp thụ
kind-hearted,nhân hậu 
talkative ,lắm lời
alternative,luân phiên
dull,mắt lờ đờ
fit,vừa vặn
blender,máy xay sinh tố
colander,cái rổ
chopping board,cái thớt
juicer,máy ép trái cây
kettle,ấm đun nước
sink,cái bồn rửa mặt
tongs,cái kẹp
whisk,máy đánh trứng
juicy,món ăn có nhiều nước
mouldy,mốc
tender,mềm
tough,dai
under-done,tái
unripe,chưa chín
humid,ẩm
overcast,âm u
celcius,độ C
downpour,mưa lớn
hails,mưa đá
bald,hói 
dyed,tóc nhuộm
ponytail,tóc đuôi ngựa
martial,võ thuật
"tai-chi, ayurvedic",tập dướng sinh
ballet,ba lê
mint,bạc hà
shallot,hành tím
cayenne,ớt bột
barley sugar,mạch nha
catalysm,đại hồng thủy
drought,hạn hán
hailstorm,mưa đá
hurricane,bão
lightning,sấm chớp
meteor shower,mưa sao băng
sandstorm,bão cát
thunder,sấm
volcanic eruption,núi lửa phun trào
blockbuster,phim bom tấn
cast,dàn diễn viên
skating,trượt băng
defeat,"hạ gục, đánh bại"
default,mặc định
draw,"hòa, vẽ"
match,trận đấu
opponent,"đối thủ, phản đối"
score,"tỉ số, điểm"
gemstone,đá quý
gold mine,mỏ vàng
hydropower,thủy điện
mineral,khoáng sản
nuclear power,năng lượng hạt nhân
petroleum,dầu mỏ
solar power,năng lượng mặt trời
apocaplyse,tận thế
avanlanche,tuyết lỡ
blizzard,bão tuyết
doomsday,ngày tận thế
dayschool,bán trú
boarding school,trừng nội trú
nursing,dưỡng lão
vocational school,trường nghề
continuing education,giáo dục thường xuyên
nursing home,trại dưỡng lão
wedding party,tiệc cưới
wedding venue,địa điểm của tiệc cưới
"swot up, review....lesson",ôn lại bài
packed lunch,đồ ăn mang theo
detention,giam giữ
conduct,chỉ đạo
certificate,chứng chỉ
cut class,trốn học
public school,trường công lập
private school,trừng dân lập
kindergarten,mẫu giáo
primary school,tiểu học
"junior, sercond school","trung học cơ sở, cấp hai"
high school,"trung học phổ thông, cấp ba"
university,đại học
college,cao đẳng
section,"phần, phòng"
division,phân công
bakery,lò nướng
card visit,danh thiếp
ink,mực
projector,máy chiếu
rubber band,dây cao su
tape,băng dính
bring up....,nuôi...
adapted child,con nuôi
blue blood,"dòng dõi hoàng tộc, quý s tộc"
orphan,trẻ mồ côi
spouse,vợ chồng
blended family,gia đình hạt nhân
step mother,mẹ kế
step father,cha dượng
invitation,"thiệp mời, mời"
jewery,trang sức
veil,khăn trùm đầu khi cưới
sweater,áo len
attach,đính kèm
character limit,giới hạn kí tự
department store,siêu thị
groceries,cửa hàng tạp hóa
e-commerce,thương mại điện tử
cash register,máy đếm tiền
cashier,thu ngân
cash,tiền mặt
leaflet,tờ rơi
checkout,quầy thu tiền
queue,xếp hàng
refund,hoàn tiền
shop assistant,nhân viên cửa hàng
fitting room,phòng thay đồ
shelf,kệ
stock room,kho chứa hàng
trolly,xe đẩy trong siêu thị
sew,may
jigsaw puzzle,câu đố ghép hình
"puzzle, riddle",câu đố
bullet,bắt nạt
hiking,leo núi
riding,cưỡi ngựa
sky diving,nhảy dù
fall in love,phải lòng
love at the first sight,yêu từ cái nhìn đầu tiên
break up,chia tay
divorce,ly hôn
drop someone,bỏ rơi ai đó
adultery,ngoại tình
my boo,người yêu của tôi
contributor,cộng tác viên
editor,biên tập viên
fact checker,người kiểm tra thông tin
papaya,đu đủ
peach,đào
pear,lê
corn,bắp
belly,bụng
back,lưng
belt,thắt lưng
socks,vớ
jigsaw,ghép hình
be convicted of,bị kết tội
civil law,luật dân sự
commit,phạm tội tội
client,"thân chủ, khách hàng"
congress,quốc hội
date of issua,ngày cấp
defendant,bị cáo
felony,trọng tội
"morality, ethic",đạo đức
textbook,sách giáo khoa
scissor,kéo
ruler,thước
pen ,bút
pencial,bút chì
protractor,thước đo độ
maker,bút lông
goble,quả địa cầu
eraser,cục tẩy
chalk,phấn
paper clip,kẹp giấy
bus,xe bus
coach,xe khách
submarine,tàu ngầm
helicopter,trực thăng
hot-air-balloon,khinh khí cầu
driving licese,giấy phép lái xe
traffic jam,kẹt xe
algebra,đại số
class metting,họp lớp
geometry,hình học
geography,địa lí
physics,vật lí
physical education,thể chất
sled,xe trượt tuyết
sleigh,xe trượt tuyết
snow flake,bông tuyết
turkey,gà tây
dowry,của hồi môn
bell,chuông
boxing day,"ngày sau giáng sinh, ngày quà tặng"
candle,nến
candy cane,cạo hình gậy
carol,nhạc giáng sinh
chimmey,ống khói
christmas eve,đêm Giáng sinh
christmas card,thiệp giáng sinh
christmas tree,cây thông noel
pine,cây thông
eggnog,rượu trứng...
fairy light,đèn nhấp nháy
fire place,lò sửi
fire wood,củi
ginger bread man,bánh quy hình người
mistletoe,cây tầm gửi
reindeer,tuần lộc 
ribbon,ruy băng
sack,túi của ông già noel
satan claus,ông dà noel
mop the floor,lau sàn
mop,lau
mow,cắt cỏ
re-arrange,sắp sếp
sweep,quét
vacuum,máy hút bụi
carnival,hội chợ
casino,sòng bạc
cinema,rạp phim
circus,rạp xiếc
concert,buồi hòa nhạc
museum,bảo tàng
exhibition,triễn lãm
parade,cuộc diễu hành
"pub, bar",quán rượu
pool,hồ bơi
zoo,sở thú
always,luôn luôn
usually,thường xuyên
generally,thông thường
often,thường
sometime,thỉnh thoảng
occasionally,tùy lúc
seldom,hiếm khi
never,không bao giờ
have a nap,ngủ trưa
shave,cạo râu
brew,pha...
chop,chặt
fold,gấp....chăn...
hang up,phơi...đồ...
beard,râu
"deserve, worthy, well-earned, beseem",
"of which, among them",trong số đó
pounced,vùi dập
flattery,tâng bốc
"alliance, ally",đồng minh
overjoyed,vui quá mức
prospect,tiềm năng
"finding, discovered",phát hiện
caught,bắt gặp
"fellow, colleague",đồng nghiệp
bololer,táo bạo hơn
misfortune,không may
summon,triệu tập
assemble,tập hợp
inconvenient,bất tiện
advantage,lợi thế
useless,vô ích
"encumbrance, disrupt",cản trở
distrust,không tin tưởng
slender,mảnh mai
"early man, primitive people",người nguyên thủy
devine,thần thánh
primitive,nguyên thủy
friction,ma sát
europe,châu âu
greek,người hy lạp
lense,ống kính
concave mirror,kính lúp
"peasant, farmer",nông dân
flints,đá lửa
chipping,sức mẻ
spark,tia lửa
crushed,nghiền
porcelain,sứ
steel,thép
tinder,bùi nhùi
"remain, maintain",duy trì
revolution,cách mạng hóa
costing,chi phí
matches,diêm
"sealed, seal",niêm phong
causing,gây ra
"instantaneous, right away",ngay lập tức
dipped,nhúng vào
tipped,nghiêng
fume,khói
eventually,sau cùng
commercia,thương mại
compatriot,đồng bào
ignition,đánh lửa
lagged,tụt lại
prevailing,thịnh hành
pioneer,tiên phong
inovation,sự đổi mới
blow out,thổi tắt
one bring day,một ngày đẹp trời
grain,ngũ cốc
begged,cầu xin
shrugged,nhún vai
disgust,ghê tởm
merchant,thương gia
one upon,ngày sửa ngày xưa
hen ,gà mái
one single go,một lần duy nhất
trace,dấu vết
miserable,khổ sở
ultimately,cuối cùng
pauper,một người vô cùng nghèo
charity,tổ chức từ thiện
jinx,"kém may, xuôi"
"moral, ethical",đạo đức
frisking,đùa giỡn
"frisk, agile",nhanh nhẹn
steep,dốc
chanced,tình cờ
chasm,hang sâu
"mighty, powerful",hùng mạnh
courage,cam đảm
trunk,thân cây
formed ,hình thành
tremble,run rẫy
swept,quét
roaring,ầm ầm
sibling,anh em ruột
tummy,bụng
pregnant,có thai
labor,nhân công
complication,sự phức tạp
siren,còi báo động
howling,rú lên
ambulance,xe cứu thương
infant,trẻ sơ sinh
"anguish, suffer",đau khổ
pediatric,khoa nhi
specialist,chuyên gia
begg,ăn xin
begging,cầu xin
intensive,nhấn mạnh....
"nagg, grouse",cằn nhằng
"firm, steadiness",sự vững chãi
frim,lạnh lùng
"gaze,stare",nhìn chằm chằm
conquer,chinh phục
scrapped,đã loại bỏ
scrap,"sắt vụn, đồng nát"
miracle,phép màu
gnat,ruồi
Amused,Vui vẻ
Beaming,Rạng rỡ
Bouncy,Hoạt bát
Buoyant,Sôi nổi
Carefree,"Vô tư, thảnh thơi"
Cheerful,Hân hoan
Delighted,"Rất hạnh phúc, hoan hỉ"
Enthusiastic,Nhiệt tình
Excited,Hứng thú
Ecstatic,Vô cùng hạnh phúc
Glad,Vui mừng
Great,Tuyệt vời
Happy,"Vui vẻ, hạnh phúc"
Optimistic,Yêu đời
Overjoyed,Cực kì hứng thú
Perky,Tươi tắn
Pleased,Hài lòng
Positive,Lạc quan
Relaxed,"Thư giãn, thoải mái"
,
,
,
,
,
,
,
,
,
,
,
,
,
,
,
,
,
,
,
,
,
,
,
,
,
,
,
,
,
,
,
,
,
,
,
,
,
,
,
,
,
,
,
,
,
,
,
,
,
,
,
,
,
,
,
,
,
,
,
,
,
,
,
,
,
,
,
,
,
,
,
,
,
,
,
,
,
,
,
,
,
,
,
,
,
,
,
,
,
,
,
,
,
,
,
,
,
,
,
,
,
,
,
,
,
,
,
,
,
,
,
,
,
,
,
,
,
,
,
,
,
,
,
,
,
,
,
,
,
,
,
,
,
,
,
,
,
,
,
,
,
,
,
,
,
,
,
,
,
,
,
,
,
,
,
,
,
,
,
,
,
,
,
,
,
,
,
,
,
,
,
,
,
,
,
,
,
,
,
,
,
,
,
,
,
,
,
,
,
,
,
,
,
,
,
,
,
,
,
,
,
,
,
,
,
,
,
,
,
,
,
,
,
,
,
,
,
,
,
,
,
,
,
,
,
,
,
,
,
,
,
,
,
,
,
,
,
,
,
,
,
,
,
,
,
,
,
,
,
,
,
,
,
,
,
,
,
,
,
,
,
,
,
,
,
,
,
,
,
,
,
,
,
,
,
,
,
,
,
,
,
,
,
,
,
,
,
,
,
,
,
,
,
,
,
,
,
,
,
,
,
,
,
,
,
,
,
,
,
,
,
,
,
,
,
,
,
,
,
,
,
,
,
,
,
,
,
,
,
,
,
,
,
,
,
,
,
,
,
,
,
,
,
,
,
,
,
,
,
,
,
,
,
,
,
,
,
,
,
,
,
,
,
,
,
,
,
,
,
,
,
,
,
,
,
,
,
,
,
,
,
,
,
,
,
,
,
,
,
,
,
,
,
,
,
,
,
,
,
,
,
,
,
,
,
,
,
,
,
,
,
,
,
,
,
,
,
,
,
,
,
,
,
,
,
,
,
,
,
,
,
,
,
,
,
,
,
,
,
,
,
,
,
,
,
,
,
,
,
,
,
,
,
,
,
,
,
,
,
,
,
,
,
,
,
,
,
,
,
,
,
,
,
,
,
,
,
,
,
,
,
,
,
,
,
,
,
,
,
,
,
,
,
,
,
,
,
,
,
,
,
,
,
,
,
,
,
,
,
,
,
,
,
,
,
,
,
,
,
,
,
,
,
,
,
,
,
,
,
,
,
,
,
,
,
,
,
,
,
,
,
,
,
,
,
,
,
,
,
,
,
,
,
,
,
,
,
,
,
,
,
,
,
,
,
,
,
,
,
,
,
,
,
,
,
,
,
,
,
,
,
,
,
,
,
,
,
,
,
,
,
,
,
,
,
,
,
,
,
,
,
,
,
,
,
,
,
,
,
,
,
,
,
,
,
,
,
,
,
,
,
,
,
,
,
,
,
,
,
,
,
,
,
,
,
,
,
,
,
,
,
,
,
,
,
,
,
,
,
,
,
,
,
,
,
,
,
,
,
,
,
,
,
,
,
,
,
,
,
,
,
,
,
,
,
,
,
,
,
,
,
,
,
,
,
,
,
,
,
,
,
,
,
,
,
,
,
,
,
,
,
,
,
,
,
,
,
,
,
,
,
,
,
,
,
,
,
,
,
,
,
,
,
,
,
,
,
,
,
,
,
,
,
,
,
,
,
,
,
,
,
,
,
,
,
,
,
,
,
,
,
,
,
,
,
,
,
,
,
,
,
,
,
,
,
,
,
,
,
,
,
,
,
,
,
,
,
,
,
,
,
,
,
,
,
,
,
,
,
,
,
,
,
,
,
,
,
,
,
,
,
,
,
,
,
,
,
,
,
,
,
,
,
,
,
,
,
,
,
,
,
,
,
,
,
,
,
,
,
,
,
,
,
,
,
,
,
,
,
,
,
,
,
,
,
,
,
,
,
,
,
,
,
,
,
,
,
,
,
,
,
,
,
,
,
,
,
,
,
,
,
,
,
,
,
,
,
,
,
,
,
,
,
,
,
,
,
,
,
,
,
,
,
,
,
,
,
,
,
,
,
,
,
,
,
,
,
,
,
,
,
,
,
,
,
,
,
,
,
,
,
,
,
,
,
,
,
,
,
,
,
,
,
,
,
,
,
,
,
,
,
,
,
,
,
,
,
,
,
,
,
,
,
,
,
,
,
,
,
,
,
,
,
,
,
,
,
,
,
,
,
,
,
,
,
,
,
,
,
,
,
,
,
,
,
,
,
,
,
,
,
,
,
,
,
,
,
,
,
,
